name	time (min)	auc	test_auc	test_low_auc	test_high_auc	val_auc
SingleHead	24	0.7980158801808943	0.800082892396862	0.8299832024616612	0.7078133306152375	0.8084543589015897
SingleHead	24	0.8128099974238556	0.7913478866144199	0.8549099653996968	0.703261792738605	0.7898763557908978
SingleHead	15	0.7976628326963816	0.7872346930464589	0.8308440716212907	0.7142735511327875	0.7988685388000447
SingleHead	27	0.8446957440539642	0.8341133339808656	0.8856210569494375	0.7268547002268119	0.8265183442269844
SingleHead	17	0.7725298474104385	0.7773569737647423	0.8264585102935795	0.6900227829633641	0.770636540909182
