name	time (min)	auc	test_auc	test_low_auc	test_high_auc	val_auc
SingleHead	5	0.7157648239077026	0.7538719502464845	0.7669404065145099	0.7109727516352337	0.7667813308943489
SingleHead	5	0.7041877944277355	0.7372156586394369	0.790422566843169	0.7082664126440469	0.7278480576412752
SingleHead	16	0.8538189039009083	0.8660950425746496	0.921177171186158	0.7854269982104358	0.8704119341214976
SingleHead	16	0.84034283637877	0.84523856462133	0.8939143427045159	0.7670001839049994	0.8487740181518659
SingleHead	17	0.8614362513862014	0.8747564066006711	0.927853076269579	0.7676325168270383	0.864616921766714
SingleHead	7	0.7189380883104437	0.7504579412921323	0.797879122715719	0.6891218847790349	0.7531197942062282
SingleHead	15	0.7939963072353645	0.8096085581556238	0.844336334463056	0.7167965451898584	0.8178710992250456
SingleHead	17	0.8558810953121152	0.8499774886811413	0.8028531091656408	0.6024965504459445	0.8417460795901337
SingleHead	9	0.7930944671575288	0.6711920990137394	0.6791429859072461	0.538498186685514	0.6666836178279405
