name	time (min)	auc	test_auc	test_low_auc	test_high_auc	val_auc
GTEx_Junc_Heart_Attn	33	0.7970794772094103	0.7677818470093849	0.7774727042085883	0.7459160428852718	0.772986050530174
GTEx_Junc_Heart_Attn	24	0.829264975700192	0.7808666659185376	0.7942402955370369	0.7349636752510209	0.7800489905306988
GTEx_Junc_Heart_Attn	28	0.8496554289140414	0.7927349085506955	0.8096922229946064	0.7656075926415502	0.79258563113086
GTEx_Junc_Heart_Attn	26	0.8252144967820381	0.8000163483213658	0.8106238620248489	0.765380801326117	0.8007284303250797
GTEx_Junc_Heart_Attn	29	0.8406946131645578	0.8019676941012674	0.8047739148696136	0.7511787771837527	0.7933507434084797
GTEx_Junc_Heart_Attn	15	0.6967191058814468	0.7002725191046227	0.7031634584954858	0.6782666208979425	0.7025907118125136
GTEx_Junc_Heart_Attn	22	0.8265805420789231	0.8212203513494505	0.8232704745290756	0.7526656076268521	0.81319520292038
GTEx_Junc_Heart_Attn	21	0.8181194395484185	0.7794405151981091	0.7932517068788609	0.723657022900594	0.7874166908800525
GTEx_Junc_Heart_Attn	24	0.8144470417811438	0.7893981819234364	0.8036742513535715	0.7378614268561413	0.7927884095939173
