name	time (min)	auc	test_auc	test_low_auc	test_high_auc	val_auc
GTEx_Junc_Heart_Attn	33	0.7970794772094103	0.7677818470093849	0.7774727042085883	0.7459160428852718	0.772986050530174
GTEx_Junc_Heart_Attn	24	0.829264975700192	0.7808666659185376	0.7942402955370369	0.7349636752510209	0.7800489905306988
GTEx_Junc_Heart_Attn	28	0.8496554289140414	0.7927349085506955	0.8096922229946064	0.7656075926415502	0.79258563113086
GTEx_Junc_Heart_Attn	26	0.8252144967820381	0.8000163483213658	0.8106238620248489	0.765380801326117	0.8007284303250797
GTEx_Junc_Heart_Attn	29	0.8406946131645578	0.8019676941012674	0.8047739148696136	0.7511787771837527	0.7933507434084797
