name	time (min)	auc	test_auc	test_low_auc	test_high_auc	val_auc
SingleHead	10	0.7291095340626771	0.7522012126947165	0.7648965068796344	0.6820965680782084	0.7568064023783068
SingleHead	16	0.7970127051950325	0.7920944638649983	0.8461500955252679	0.7001110988538863	0.7801334911687208
SingleHead	21	0.8262410781896622	0.8190272351291374	0.8772796046447175	0.7222953284803384	0.8183044385487152
SingleHead	12	0.7850162531318103	0.7898801686991301	0.840200503936673	0.7035289345213717	0.7905461376166137
SingleHead	6	0.7402053668260858	0.7543392277813115	0.7998950825896385	0.6823296376624738	0.7462034864735684
SingleHead	18	0.7924911580136521	0.792643366645964	0.8374984439836307	0.7030737177511729	0.7961504956390114
SingleHead	11	0.7896832857225103	0.7901986386832014	0.8425042489744063	0.684513592823912	0.7855180416601341
SingleHead	16	0.8032482910615191	0.7988374985486248	0.855808409266992	0.698590507302529	0.794602394357867
SingleHead	7	0.7684541596410114	0.7698371118145282	0.8112727112182896	0.6697784542825803	0.7695826038211231
