time (min)	LSTM_dim	attn_dim	fc_dim	train	val	test_all	test_low	test_high
18	50	100	128	0.77007287192416	0.7577368209312281	0.7556063914733309	0.8267675492143919	0.7205867598651705
