time (min)	LSTM_dim	attn_dim	fc_dim	attn_dropout	train	val	test_all	test_low	test_high
time (min)	LSTM_dim	attn_dim	n_heads	head_dim	fc_dim	attn_dropout	train	val	test_all	test_low	test_high
11	50	100	128	0	0.77007287192416	0.7577368209312281	0.7556063914733309	0.8267675492143919	0.7205867598651705
6	150	100	3	24	128	0	0.713495687017397	0.7202380762976666	0.7142657626383361	0.7557800738564608	0.6802256725288434
8	150	100	4	24	128	0	0.8999739395103179	0.7831310671936058	0.781145347735209	0.8668717645928871	0.7177766718275858
