time (min)	LSTM_dim	attn_dim	n_heads	head_dim	fc_dim	attn_dropout	train	val	test_all	test_low	test_high
30	50	100	4	50	128	0	0.8195695009392614	0.7720853983696936	0.7682924142067524	0.8261396962433297	0.7190816112844013
31	50	100	4	50	128	0	0.8971206952875527	0.8225486135095023	0.8300468766714901	0.9083250392573413	0.7329588036025113
20	50	100	4	50	128	0	0.7891327561251164	0.7705014196506722	0.7655087242496157	0.8306185628017687	0.7103137423383262
27	50	100	4	50	128	0	0.8100016875215115	0.7671655703123034	0.774030980943632	0.8584987015913034	0.7026312927270574
32	50	100	4	50	128	0	0.8375894920798442	0.7914631532044081	0.7908958191091298	0.8620016254236084	0.7205284758206763
27	50	100	4	50	128	0	0.8837831800921823	0.8234986088922475	0.8255265831953875	0.9116116959435084	0.7473900707219518
14	50	100	4	50	128	0	0.7432585684489847	0.7301320660876813	0.7251774588184012	0.780476810980237	0.6992357431447458
34	50	100	4	50	128	0	0.8596153632991967	0.7898596835420988	0.7879196188446576	0.8732030773718105	0.7130932407340754
26	50	100	4	50	128	0	0.8786057635405323	0.8090986239921005	0.8085601666242485	0.882940429952176	0.7122686884286173
